origin_name,destination_name,"Total, means of transportation",Long-distance train or commuter rail,"Light rail, streetcar or trolley (carro público in Puerto Rico)",Ferryboat ,Bicycle ,Walked ,Taxicab,Motorcycle,Other means,Worked from home ,"Car, truck, or van -- Drove alone","Car, truck, or van -- In a 2-person carpool","Car, truck, or van -- In a 3-person carpool","Car, truck, or van -- In a 4-person carpool","Car, truck, or van -- In a 5-or-6-person carpool","Car, truck, or van -- In a 7-or-more-person carpool",Bus,Subway or elevated rail,"Total, means of transportation_MOE",Long-distance train or commuter rail_MOE,"Light rail, streetcar or trolley (carro público in Puerto Rico)_MOE",Ferryboat _MOE,Bicycle _MOE,Walked _MOE,Taxicab_MOE,Motorcycle_MOE,Other means_MOE,Worked from home _MOE,"Car, truck, or van -- Drove alone_MOE","Car, truck, or van -- In a 2-person carpool_MOE","Car, truck, or van -- In a 3-person carpool_MOE","Car, truck, or van -- In a 4-person carpool_MOE","Car, truck, or van -- In a 5-or-6-person carpool_MOE","Car, truck, or van -- In a 7-or-more-person carpool_MOE",Bus_MOE,Subway or elevated rail_MOE,destination_geoid,geoid,origin_geoid
"Alameda County, California","Alameda County, California","558,420","1,185",240,70,"10,095","23,240","1,865","1,625","5,520","133,695","309,855","34,450","7,330","1,915","1,155",200,"15,310","10,670","+/-4,502",+/-253,+/-104,+/-50,+/-854,"+/-1,247",+/-421,+/-309,+/-730,"+/-2,815","+/-3,650","+/-2,009",+/-734,+/-320,+/-331,+/-124,"+/-1,109",+/-910,C2300US06001,C4300US0600106001,C0300US06001
"Alameda County, California","Contra Costa County, California","36,865",115,60,0,540,"1,125",125,160,470,0,"29,265","2,505",465,145,215,25,505,"1,150","+/-1,524",+/-78,+/-70,+/-30,+/-130,+/-251,+/-109,+/-90,+/-177,+/-30,"+/-1,447",+/-394,+/-161,+/-87,+/-129,+/-21,+/-179,+/-374,C2300US06013,C4300US0600106013,C0300US06001
"Alameda County, California","Marin County, California","3,380",0,0,0,10,50,0,15,60,0,"2,980",165,75,0,0,0,20,4,+/-536,+/-30,+/-30,+/-30,+/-13,+/-42,+/-30,+/-21,+/-69,+/-30,+/-466,+/-85,+/-85,+/-30,+/-30,+/-30,+/-27,+/-9,C2300US06041,C4300US0600106041,C0300US06001
"Alameda County, California","Napa County, California",600,25,0,0,0,0,0,10,20,0,505,10,10,0,4,0,0,10,+/-197,+/-41,+/-30,+/-30,+/-30,+/-30,+/-30,+/-15,+/-32,+/-30,+/-182,+/-18,+/-17,+/-30,+/-13,+/-30,+/-30,+/-20,C2300US06055,C4300US0600106055,C0300US06001
"Alameda County, California","San Francisco County, California","95,555","4,900",950,"2,535",700,570,270,475,"1,265",0,"25,590","3,570","2,315",565,380,65,"10,300","41,095","+/-2,669",+/-509,+/-310,+/-408,+/-194,+/-163,+/-131,+/-120,+/-235,+/-30,"+/-1,350",+/-531,+/-349,+/-180,+/-415,+/-72,+/-778,"+/-1,334",C2300US06075,C4300US0600106075,C0300US06001
"Alameda County, California","San Mateo County, California","38,550",275,35,410,90,65,95,135,235,0,"27,995","3,755",830,475,270,155,"2,140","1,595","+/-1,430",+/-112,+/-44,+/-110,+/-46,+/-49,+/-78,+/-82,+/-104,+/-30,"+/-1,230",+/-534,+/-224,+/-165,+/-137,+/-99,+/-361,+/-303,C2300US06081,C4300US0600106081,C0300US06001
"Alameda County, California","Santa Clara County, California","72,780","1,420",25,75,305,470,165,350,395,0,"56,930","6,685","1,230",415,190,40,"3,200",890,"+/-1,819",+/-257,+/-40,+/-93,+/-130,+/-164,+/-114,+/-128,+/-118,+/-30,"+/-1,493",+/-754,+/-244,+/-120,+/-147,+/-32,+/-375,+/-209,C2300US06085,C4300US0600106085,C0300US06001
"Alameda County, California","Solano County, California","1,715",0,0,0,0,0,0,15,0,0,"1,350",295,35,0,4,0,20,0,+/-325,+/-30,+/-30,+/-30,+/-30,+/-30,+/-30,+/-16,+/-30,+/-30,+/-264,+/-176,+/-28,+/-30,+/-13,+/-30,+/-24,+/-30,C2300US06095,C4300US0600106095,C0300US06001
"Alameda County, California","Sonoma County, California",530,0,0,0,0,25,0,0,10,0,340,145,0,0,0,0,10,0,+/-180,+/-30,+/-30,+/-30,+/-30,+/-51,+/-30,+/-30,+/-14,+/-30,+/-113,+/-135,+/-30,+/-30,+/-30,+/-30,+/-15,+/-30,C2300US06097,C4300US0600106097,C0300US06001
"Contra Costa County, California","Alameda County, California","98,655","1,215",160,0,555,195,315,425,730,0,"75,855","8,075","1,720",570,325,80,"1,760","6,685","+/-2,418",+/-289,+/-90,+/-30,+/-188,+/-101,+/-192,+/-160,+/-266,+/-30,"+/-2,031",+/-834,+/-382,+/-169,+/-144,+/-42,+/-365,+/-788,C2300US06001,C4300US0601306001,C0300US06013
"Contra Costa County, California","Contra Costa County, California","338,755",345,365,55,"1,420","7,705",620,505,"3,210","79,165","208,765","23,495","4,800","2,670",815,530,"2,835","1,455","+/-4,072",+/-214,+/-268,+/-92,+/-359,"+/-1,066",+/-221,+/-169,+/-560,"+/-2,902","+/-3,808","+/-1,547",+/-666,+/-597,+/-250,+/-299,+/-433,+/-327,C2300US06013,C4300US0601306013,C0300US06013
"Contra Costa County, California","Marin County, California","8,630",10,0,0,10,0,30,0,10,0,"7,460",750,165,85,35,10,65,4,+/-875,+/-19,+/-30,+/-30,+/-20,+/-30,+/-29,+/-30,+/-18,+/-30,+/-806,+/-269,+/-102,+/-62,+/-50,+/-15,+/-57,+/-12,C2300US06041,C4300US0601306041,C0300US06013
"Contra Costa County, California","Napa County, California","1,185",0,0,0,10,0,0,0,0,0,"1,010",135,25,4,0,0,0,0,+/-274,+/-30,+/-30,+/-30,+/-19,+/-30,+/-30,+/-30,+/-30,+/-30,+/-247,+/-102,+/-30,+/-3,+/-30,+/-30,+/-30,+/-30,C2300US06055,C4300US0601306055,C0300US06013
"Contra Costa County, California","San Francisco County, California","58,570","4,610",675,280,105,35,40,105,600,0,"22,295","3,165","1,370",405,200,135,"2,900","21,655","+/-1,758",+/-696,+/-166,+/-129,+/-81,+/-31,+/-63,+/-55,+/-220,+/-30,"+/-1,506",+/-597,+/-301,+/-174,+/-105,+/-106,+/-544,+/-905,C2300US06075,C4300US0601306075,C0300US06013
"Contra Costa County, California","San Mateo County, California","13,920",190,10,25,0,40,0,0,140,0,"9,945","1,130",305,70,35,30,795,"1,205",+/-978,+/-102,+/-18,+/-28,+/-30,+/-47,+/-30,+/-30,+/-94,+/-30,+/-872,+/-275,+/-128,+/-62,+/-38,+/-22,+/-208,+/-273,C2300US06081,C4300US0601306081,C0300US06013
"Contra Costa County, California","Santa Clara County, California","14,605",315,10,0,0,0,0,145,85,0,"11,205","1,310",225,175,175,20,550,395,"+/-1,059",+/-129,+/-14,+/-30,+/-30,+/-30,+/-30,+/-75,+/-59,+/-30,+/-946,+/-359,+/-128,+/-88,+/-159,+/-32,+/-167,+/-150,C2300US06085,C4300US0601306085,C0300US06013
"Contra Costa County, California","Solano County, California","7,215",4,0,0,10,35,4,25,10,0,"6,250",620,145,55,0,0,50,0,+/-691,+/-31,+/-30,+/-30,+/-19,+/-41,+/-16,+/-40,+/-24,+/-30,+/-662,+/-223,+/-84,+/-62,+/-30,+/-30,+/-57,+/-30,C2300US06095,C4300US0601306095,C0300US06013
"Contra Costa County, California","Sonoma County, California","1,355",0,0,0,0,0,0,0,20,0,"1,095",110,130,0,0,0,0,0,+/-312,+/-30,+/-30,+/-30,+/-30,+/-30,+/-30,+/-30,+/-33,+/-30,+/-222,+/-117,+/-144,+/-30,+/-30,+/-30,+/-30,+/-30,C2300US06097,C4300US0601306097,C0300US06013
"Marin County, California","Alameda County, California","3,525",15,0,0,30,0,0,15,0,0,"3,185",230,35,4,0,0,15,0,+/-411,+/-28,+/-30,+/-30,+/-37,+/-30,+/-30,+/-22,+/-30,+/-30,+/-369,+/-107,+/-54,+/-11,+/-30,+/-30,+/-23,+/-30,C2300US06001,C4300US0604106001,C0300US06041
"Marin County, California","Contra Costa County, California","2,410",0,0,50,0,0,0,0,10,0,"2,190",130,35,0,0,0,0,0,+/-420,+/-30,+/-30,+/-81,+/-30,+/-30,+/-30,+/-30,+/-13,+/-30,+/-394,+/-95,+/-50,+/-30,+/-30,+/-30,+/-30,+/-30,C2300US06013,C4300US0604106013,C0300US06041
"Marin County, California","Marin County, California","89,875",55,25,80,885,"3,795",4,120,620,"28,055","48,275","4,600","1,410",195,280,30,"1,440",10,"+/-1,878",+/-52,+/-38,+/-51,+/-245,+/-593,+/-10,+/-76,+/-200,"+/-1,256","+/-1,873",+/-766,+/-472,+/-110,+/-92,+/-34,+/-314,+/-23,C2300US06041,C4300US0604106041,C0300US06041
"Marin County, California","Napa County, California",440,0,0,0,0,0,0,0,0,0,440,0,0,0,0,0,0,0,+/-201,+/-30,+/-30,+/-30,+/-30,+/-30,+/-30,+/-30,+/-30,+/-30,+/-201,+/-30,+/-30,+/-30,+/-30,+/-30,+/-30,+/-30,C2300US06055,C4300US0604106055,C0300US06041
"Marin County, California","San Francisco County, California","22,870",0,0,"2,790",350,100,0,50,90,0,"13,470","1,760",310,110,55,0,"3,775",4,"+/-1,159",+/-30,+/-30,+/-372,+/-120,+/-64,+/-30,+/-44,+/-82,+/-30,+/-995,+/-320,+/-166,+/-80,+/-66,+/-30,+/-468,+/-11,C2300US06075,C4300US0604106075,C0300US06041
"Marin County, California","San Mateo County, California","1,945",0,0,10,25,4,0,0,0,0,"1,635",190,20,0,15,0,45,0,+/-377,+/-30,+/-30,+/-16,+/-33,+/-7,+/-30,+/-30,+/-30,+/-30,+/-337,+/-124,+/-29,+/-30,+/-23,+/-30,+/-43,+/-30,C2300US06081,C4300US0604106081,C0300US06041
"Marin County, California","Santa Clara County, California",830,0,0,20,0,4,0,0,0,0,765,15,10,0,0,0,20,0,+/-268,+/-30,+/-30,+/-32,+/-30,+/-12,+/-30,+/-30,+/-30,+/-30,+/-259,+/-17,+/-22,+/-30,+/-30,+/-30,+/-26,+/-30,C2300US06085,C4300US0604106085,C0300US06041
"Marin County, California","Solano County, California",665,0,0,0,0,0,0,0,0,0,645,15,0,0,0,0,0,0,+/-207,+/-30,+/-30,+/-30,+/-30,+/-30,+/-30,+/-30,+/-30,+/-30,+/-206,+/-34,+/-30,+/-30,+/-30,+/-30,+/-30,+/-30,C2300US06095,C4300US0604106095,C0300US06041
"Marin County, California","Sonoma County, California","4,140",30,0,0,30,15,0,15,25,0,"3,630",235,90,15,35,0,0,20,+/-539,+/-51,+/-30,+/-30,+/-43,+/-20,+/-30,+/-25,+/-27,+/-30,+/-487,+/-100,+/-86,+/-26,+/-40,+/-30,+/-30,+/-35,C2300US06097,C4300US0604106097,C0300US06041
"Napa County, California","Alameda County, California",915,0,0,35,0,4,0,0,0,0,760,75,20,0,0,4,4,10,+/-195,+/-30,+/-30,+/-26,+/-30,+/-4,+/-30,+/-30,+/-30,+/-30,+/-175,+/-59,+/-20,+/-30,+/-30,+/-5,+/-10,+/-17,C2300US06001,C4300US0605506001,C0300US06055
"Napa County, California","Contra Costa County, California","1,595",0,0,0,0,10,0,4,20,0,"1,475",40,30,10,0,0,10,0,+/-221,+/-30,+/-30,+/-30,+/-30,+/-14,+/-30,+/-15,+/-32,+/-30,+/-206,+/-31,+/-27,+/-15,+/-30,+/-30,+/-14,+/-30,C2300US06013,C4300US0605506013,C0300US06055
"Napa County, California","Marin County, California","1,070",0,0,0,0,15,0,20,30,0,915,65,0,15,0,4,0,0,+/-226,+/-30,+/-30,+/-30,+/-30,+/-22,+/-30,+/-29,+/-39,+/-30,+/-204,+/-52,+/-30,+/-26,+/-30,+/-10,+/-30,+/-30,C2300US06041,C4300US0605506041,C0300US06055
"Napa County, California","Napa County, California","54,060",0,0,65,620,"1,935",130,110,520,"6,325","38,780","3,500","1,005",230,395,55,380,4,"+/-1,340",+/-30,+/-30,+/-47,+/-182,+/-390,+/-87,+/-99,+/-172,+/-559,"+/-1,555",+/-426,+/-259,+/-147,+/-267,+/-50,+/-149,+/-7,C2300US06055,C4300US0605506055,C0300US06055
"Napa County, California","San Francisco County, California","1,335",0,4,270,15,20,0,4,10,0,750,180,45,0,0,10,30,0,+/-240,+/-30,+/-8,+/-94,+/-26,+/-22,+/-30,+/-6,+/-22,+/-30,+/-155,+/-114,+/-34,+/-30,+/-30,+/-15,+/-28,+/-30,C2300US06075,C4300US0605506075,C0300US06055
"Napa County, California","San Mateo County, California",515,0,0,4,0,15,0,0,0,0,405,25,10,0,0,4,45,0,+/-157,+/-30,+/-30,+/-16,+/-30,+/-22,+/-30,+/-30,+/-30,+/-30,+/-127,+/-33,+/-18,+/-30,+/-30,+/-15,+/-48,+/-30,C2300US06081,C4300US0605506081,C0300US06055
"Napa County, California","Santa Clara County, California",270,0,0,0,0,0,0,0,0,0,230,0,0,0,30,0,10,0,+/-147,+/-30,+/-30,+/-30,+/-30,+/-30,+/-30,+/-30,+/-30,+/-30,+/-137,+/-30,+/-30,+/-30,+/-39,+/-30,+/-18,+/-30,C2300US06085,C4300US0605506085,C0300US06055
"Napa County, California","Solano County, California","4,935",0,0,0,4,10,0,65,65,0,"4,305",265,185,25,0,4,4,0,+/-549,+/-30,+/-30,+/-30,+/-9,+/-17,+/-30,+/-86,+/-59,+/-30,+/-518,+/-99,+/-99,+/-28,+/-30,+/-12,+/-17,+/-30,C2300US06095,C4300US0605506095,C0300US06055
"Napa County, California","Sonoma County, California","3,035",0,0,0,0,0,0,20,0,0,"2,640",245,75,4,45,0,10,0,+/-428,+/-30,+/-30,+/-30,+/-30,+/-30,+/-30,+/-24,+/-30,+/-30,+/-397,+/-125,+/-77,+/-8,+/-66,+/-30,+/-15,+/-30,C2300US06097,C4300US0605506097,C0300US06055
"San Francisco County, California","Alameda County, California","16,735",535,255,80,175,285,170,110,460,0,"8,500",675,180,120,70,55,780,"4,280","+/-1,027",+/-187,+/-112,+/-49,+/-85,+/-271,+/-126,+/-72,+/-246,+/-30,+/-783,+/-173,+/-101,+/-57,+/-58,+/-48,+/-184,+/-496,C2300US06001,C4300US0607506001,C0300US06075
"San Francisco County, California","Contra Costa County, California","3,055",85,0,10,0,55,0,35,10,0,"1,965",195,65,35,35,20,225,320,+/-500,+/-98,+/-30,+/-22,+/-30,+/-51,+/-30,+/-39,+/-14,+/-30,+/-344,+/-79,+/-56,+/-41,+/-38,+/-30,+/-171,+/-137,C2300US06013,C4300US0607506013,C0300US06075
"San Francisco County, California","Marin County, California","5,045",15,0,145,15,180,10,30,30,0,"4,010",255,130,35,0,15,175,0,+/-616,+/-26,+/-30,+/-247,+/-23,+/-146,+/-14,+/-38,+/-28,+/-30,+/-460,+/-120,+/-89,+/-27,+/-30,+/-23,+/-113,+/-30,C2300US06041,C4300US0607506041,C0300US06075
"San Francisco County, California","Napa County, California",340,0,0,0,0,0,0,0,0,0,185,25,0,0,0,0,125,0,+/-163,+/-30,+/-30,+/-30,+/-30,+/-30,+/-30,+/-30,+/-30,+/-30,+/-113,+/-41,+/-30,+/-30,+/-30,+/-30,+/-112,+/-30,C2300US06055,C4300US0607506055,C0300US06075
"San Francisco County, California","San Francisco County, California","401,990","1,160","7,315",30,"15,745","52,740","5,715","3,455","6,130","90,165","91,425","16,570","5,005","1,520",525,490,"76,075","27,930","+/-3,913",+/-198,+/-750,+/-38,"+/-1,037","+/-1,906",+/-570,+/-457,+/-615,"+/-2,710","+/-2,290","+/-1,088",+/-664,+/-333,+/-193,+/-187,"+/-2,357","+/-1,476",C2300US06075,C4300US0607506075,C0300US06075
"San Francisco County, California","San Mateo County, California","44,925","1,355",320,0,555,"1,210",290,190,"1,010",0,"29,580","3,185",835,310,115,45,"4,520","1,420","+/-1,514",+/-306,+/-182,+/-30,+/-182,+/-307,+/-125,+/-108,+/-333,+/-30,"+/-1,281",+/-509,+/-227,+/-125,+/-67,+/-31,+/-636,+/-304,C2300US06081,C4300US0607506081,C0300US06075
"San Francisco County, California","Santa Clara County, California","23,455","3,185",400,0,205,245,110,185,820,0,"9,145","1,160",95,70,25,100,"6,785",930,"+/-1,357",+/-559,+/-342,+/-30,+/-108,+/-108,+/-76,+/-93,+/-250,+/-30,+/-921,+/-360,+/-48,+/-63,+/-27,+/-126,+/-772,+/-265,C2300US06085,C4300US0607506085,C0300US06075
"San Francisco County, California","Solano County, California",490,0,0,0,4,50,0,0,4,0,405,4,15,0,0,0,0,0,+/-178,+/-30,+/-30,+/-30,+/-9,+/-11,+/-30,+/-30,+/-14,+/-30,+/-176,+/-13,+/-28,+/-30,+/-30,+/-30,+/-30,+/-30,C2300US06095,C4300US0607506095,C0300US06075
"San Francisco County, California","Sonoma County, California",800,0,0,0,0,10,10,10,15,0,595,80,15,35,0,15,20,0,+/-182,+/-30,+/-30,+/-30,+/-30,+/-18,+/-19,+/-14,+/-28,+/-30,+/-168,+/-45,+/-26,+/-53,+/-30,+/-24,+/-23,+/-30,C2300US06097,C4300US0607506097,C0300US06075
"San Mateo County, California","Alameda County, California","11,860",110,10,0,55,30,0,0,10,0,"9,390",875,145,95,15,60,150,915,+/-824,+/-63,+/-14,+/-30,+/-67,+/-34,+/-30,+/-30,+/-16,+/-30,+/-749,+/-232,+/-69,+/-58,+/-25,+/-55,+/-108,+/-213,C2300US06001,C4300US0608106001,C0300US06081
"San Mateo County, California","Contra Costa County, California","1,925",25,0,0,0,10,0,0,20,0,"1,510",185,10,45,45,15,4,55,+/-407,+/-41,+/-30,+/-30,+/-30,+/-21,+/-30,+/-30,+/-26,+/-30,+/-366,+/-141,+/-14,+/-36,+/-65,+/-25,+/-10,+/-43,C2300US06013,C4300US0608106013,C0300US06081
"San Mateo County, California","Marin County, California","1,090",0,0,0,0,0,0,35,0,0,850,65,15,30,40,10,45,0,+/-250,+/-30,+/-30,+/-30,+/-30,+/-30,+/-30,+/-49,+/-30,+/-30,+/-226,+/-53,+/-20,+/-48,+/-61,+/-16,+/-53,+/-30,C2300US06041,C4300US0608106041,C0300US06081
"San Mateo County, California","Napa County, California",40,0,0,0,0,0,0,0,0,0,20,0,0,0,15,0,0,0,+/-39,+/-30,+/-30,+/-30,+/-30,+/-30,+/-30,+/-30,+/-30,+/-30,+/-26,+/-30,+/-30,+/-30,+/-32,+/-30,+/-30,+/-30,C2300US06055,C4300US0608106055,C0300US06081
"San Mateo County, California","San Francisco County, California","73,495","5,230",645,0,310,435,225,395,925,0,"41,510","6,300","1,190",560,145,65,"4,355","11,215","+/-1,793",+/-530,+/-336,+/-30,+/-173,+/-191,+/-105,+/-192,+/-240,+/-30,"+/-1,638",+/-708,+/-327,+/-259,+/-80,+/-49,+/-649,+/-857,C2300US06075,C4300US0608106075,C0300US06081
"San Mateo County, California","San Mateo County, California","252,835","1,060",60,0,"3,110","8,515",730,510,"3,440","59,555","146,725","16,625","3,890","1,285",415,205,"5,470","1,235","+/-2,617",+/-216,+/-50,+/-30,+/-549,+/-884,+/-195,+/-137,+/-624,"+/-1,714","+/-2,500","+/-1,122",+/-495,+/-415,+/-140,+/-127,+/-628,+/-359,C2300US06081,C4300US0608106081,C0300US06081
"San Mateo County, California","Santa Clara County, California","55,765","2,005",145,0,"1,695",315,135,225,575,0,"44,210","3,580",675,145,210,100,"1,010",745,"+/-1,674",+/-300,+/-125,+/-30,+/-339,+/-152,+/-83,+/-132,+/-224,+/-30,"+/-1,614",+/-501,+/-188,+/-63,+/-113,+/-87,+/-248,+/-231,C2300US06085,C4300US0608106085,C0300US06081
"San Mateo County, California","Solano County, California",30,0,0,0,0,0,0,0,0,0,30,0,0,0,0,0,0,0,+/-30,+/-30,+/-30,+/-30,+/-30,+/-30,+/-30,+/-30,+/-30,+/-30,+/-30,+/-30,+/-30,+/-30,+/-30,+/-30,+/-30,+/-30,C2300US06095,C4300US0608106095,C0300US06081
"San Mateo County, California","Sonoma County, California",355,0,0,0,0,0,4,0,0,0,160,60,110,20,0,0,0,0,+/-189,+/-30,+/-30,+/-30,+/-30,+/-30,+/-17,+/-30,+/-30,+/-30,+/-124,+/-43,+/-125,+/-26,+/-30,+/-30,+/-30,+/-30,C2300US06097,C4300US0608106097,C0300US06081
"Santa Clara County, California","Alameda County, California","38,795",285,10,0,75,150,125,70,260,0,"32,785","3,770",565,175,120,40,190,175,"+/-1,534",+/-114,+/-13,+/-30,+/-65,+/-89,+/-100,+/-44,+/-144,+/-30,"+/-1,315",+/-548,+/-188,+/-82,+/-90,+/-33,+/-164,+/-80,C2300US06001,C4300US0608506001,C0300US06085
"Santa Clara County, California","Contra Costa County, California","1,935",25,0,0,0,0,15,0,35,0,"1,535",225,25,15,0,0,65,0,+/-299,+/-31,+/-30,+/-30,+/-30,+/-30,+/-25,+/-30,+/-36,+/-30,+/-259,+/-106,+/-34,+/-21,+/-30,+/-30,+/-47,+/-30,C2300US06013,C4300US0608506013,C0300US06085
"Santa Clara County, California","Marin County, California",195,0,0,0,0,0,0,0,0,0,195,0,0,0,0,0,0,0,+/-81,+/-30,+/-30,+/-30,+/-30,+/-30,+/-30,+/-30,+/-30,+/-30,+/-81,+/-30,+/-30,+/-30,+/-30,+/-30,+/-30,+/-30,C2300US06041,C4300US0608506041,C0300US06085
"Santa Clara County, California","Napa County, California",80,0,0,0,0,0,0,0,0,0,80,0,0,0,0,0,0,0,+/-71,+/-30,+/-30,+/-30,+/-30,+/-30,+/-30,+/-30,+/-30,+/-30,+/-71,+/-30,+/-30,+/-30,+/-30,+/-30,+/-30,+/-30,C2300US06055,C4300US0608506055,C0300US06085
"Santa Clara County, California","San Francisco County, California","18,060","4,085",285,0,75,115,20,20,130,0,"9,205","1,530",205,30,60,10,"1,110","1,175","+/-1,191",+/-351,+/-245,+/-30,+/-93,+/-71,+/-32,+/-24,+/-78,+/-30,+/-883,+/-379,+/-135,+/-33,+/-51,+/-23,+/-216,+/-302,C2300US06075,C4300US0608506075,C0300US06085
"Santa Clara County, California","San Mateo County, California","44,155","1,805",105,0,325,170,105,165,400,0,"35,045","3,200",710,275,155,105,"1,490",90,"+/-1,528",+/-305,+/-67,+/-30,+/-127,+/-115,+/-101,+/-111,+/-154,+/-30,"+/-1,335",+/-421,+/-216,+/-109,+/-79,+/-62,+/-322,+/-56,C2300US06081,C4300US0608506081,C0300US06085
"Santa Clara County, California","Santa Clara County, California","861,940","3,485","2,390",55,"13,330","20,225","1,965","1,950","7,290","151,855","564,440","58,685","11,945","4,610","2,545",925,"15,200","1,045","+/-4,853",+/-435,+/-401,+/-71,+/-991,"+/-1,212",+/-368,+/-333,+/-716,"+/-3,468","+/-5,042","+/-1,972","+/-1,034",+/-664,+/-487,+/-253,+/-997,+/-334,C2300US06085,C4300US0608506085,C0300US06085
"Santa Clara County, California","Solano County, California",270,0,0,0,0,0,0,0,0,0,255,4,15,0,0,0,0,0,+/-121,+/-30,+/-30,+/-30,+/-30,+/-30,+/-30,+/-30,+/-30,+/-30,+/-119,+/-1,+/-25,+/-30,+/-30,+/-30,+/-30,+/-30,C2300US06095,C4300US0608506095,C0300US06085
"Santa Clara County, California","Sonoma County, California",275,0,0,0,4,10,0,0,4,0,240,15,0,0,0,0,0,0,+/-115,+/-30,+/-30,+/-30,+/-9,+/-24,+/-30,+/-30,+/-9,+/-30,+/-110,+/-22,+/-30,+/-30,+/-30,+/-30,+/-30,+/-30,C2300US06097,C4300US0608506097,C0300US06085
"Solano County, California","Alameda County, California","12,640",250,4,0,0,25,0,20,4,0,"10,305","1,175",290,40,55,15,285,170,+/-963,+/-151,+/-10,+/-30,+/-30,+/-41,+/-30,+/-26,+/-21,+/-30,+/-831,+/-266,+/-157,+/-35,+/-36,+/-25,+/-114,+/-85,C2300US06001,C4300US0609506001,C0300US06095
"Solano County, California","Contra Costa County, California","21,990",130,0,40,15,10,45,135,95,0,"18,050","2,260",550,120,145,105,300,0,"+/-1,328",+/-73,+/-30,+/-49,+/-24,+/-15,+/-46,+/-54,+/-63,+/-30,"+/-1,190",+/-400,+/-206,+/-67,+/-92,+/-59,+/-136,+/-30,C2300US06013,C4300US0609506013,C0300US06095
"Solano County, California","Marin County, California","5,700",0,0,0,0,15,0,10,80,0,"4,460",845,195,20,25,15,35,0,+/-707,+/-30,+/-30,+/-30,+/-30,+/-28,+/-30,+/-23,+/-84,+/-30,+/-595,+/-298,+/-130,+/-34,+/-39,+/-24,+/-48,+/-30,C2300US06041,C4300US0609506041,C0300US06095
"Solano County, California","Napa County, California","13,050",0,0,0,4,20,0,55,55,0,"10,800","1,545",260,45,130,0,135,0,"+/-1,001",+/-30,+/-30,+/-30,+/-15,+/-25,+/-30,+/-68,+/-46,+/-30,+/-871,+/-284,+/-175,+/-37,+/-109,+/-30,+/-84,+/-30,C2300US06055,C4300US0609506055,C0300US06095
"Solano County, California","San Francisco County, California","10,670",230,10,"1,545",25,20,4,25,130,0,"5,325","1,025",825,255,155,185,400,505,+/-756,+/-112,+/-19,+/-317,+/-48,+/-34,+/-12,+/-30,+/-78,+/-30,+/-498,+/-290,+/-218,+/-153,+/-127,+/-93,+/-185,+/-153,C2300US06075,C4300US0609506075,C0300US06095
"Solano County, California","San Mateo County, California","3,050",25,0,30,0,0,0,10,40,0,"1,910",360,150,20,200,175,80,50,+/-488,+/-36,+/-30,+/-29,+/-30,+/-30,+/-30,+/-14,+/-39,+/-30,+/-390,+/-138,+/-87,+/-32,+/-166,+/-103,+/-59,+/-58,C2300US06081,C4300US0609506081,C0300US06095
"Solano County, California","Santa Clara County, California","1,755",45,0,0,0,0,0,0,0,0,"1,280",125,55,0,200,0,45,4,+/-372,+/-43,+/-30,+/-30,+/-30,+/-30,+/-30,+/-30,+/-30,+/-30,+/-234,+/-104,+/-48,+/-30,+/-249,+/-30,+/-51,+/-9,C2300US06085,C4300US0609506085,C0300US06095
"Solano County, California","Solano County, California","125,880",20,0,155,500,"2,240",170,275,880,"16,935","91,930","8,755","1,535",925,565,170,790,35,"+/-2,527",+/-25,+/-30,+/-80,+/-135,+/-365,+/-92,+/-108,+/-248,"+/-1,294","+/-2,026",+/-787,+/-373,+/-253,+/-207,+/-111,+/-230,+/-34,C2300US06095,C4300US0609506095,C0300US06095
"Solano County, California","Sonoma County, California","2,870",0,0,0,0,25,0,0,0,0,"2,465",215,70,4,10,45,40,0,+/-447,+/-30,+/-30,+/-30,+/-30,+/-29,+/-30,+/-30,+/-30,+/-30,+/-410,+/-151,+/-63,+/-4,+/-18,+/-56,+/-37,+/-30,C2300US06097,C4300US0609506097,C0300US06095
"Sonoma County, California","Alameda County, California","1,700",0,0,0,0,15,10,30,0,0,"1,300",175,0,10,10,4,145,0,+/-318,+/-30,+/-30,+/-30,+/-30,+/-29,+/-15,+/-25,+/-30,+/-30,+/-260,+/-102,+/-30,+/-13,+/-17,+/-15,+/-138,+/-30,C2300US06001,C4300US0609706001,C0300US06097
"Sonoma County, California","Contra Costa County, California","1,115",0,0,0,0,0,0,0,0,0,905,170,0,0,0,0,40,0,+/-254,+/-30,+/-30,+/-30,+/-30,+/-30,+/-30,+/-30,+/-30,+/-30,+/-212,+/-121,+/-30,+/-30,+/-30,+/-30,+/-55,+/-30,C2300US06013,C4300US0609706013,C0300US06097
"Sonoma County, California","Marin County, California","13,700",315,15,0,40,160,4,90,20,0,"11,255","1,400",190,45,0,25,145,4,"+/-1,019",+/-126,+/-17,+/-30,+/-35,+/-52,+/-3,+/-66,+/-31,+/-30,+/-887,+/-425,+/-120,+/-45,+/-30,+/-36,+/-83,+/-17,C2300US06041,C4300US0609706041,C0300US06097
"Sonoma County, California","Napa County, California","5,205",0,0,0,0,0,0,20,0,0,"4,405",625,75,40,40,0,0,0,+/-653,+/-30,+/-30,+/-30,+/-30,+/-30,+/-30,+/-24,+/-30,+/-30,+/-577,+/-266,+/-69,+/-40,+/-60,+/-30,+/-30,+/-30,C2300US06055,C4300US0609706055,C0300US06097
"Sonoma County, California","San Francisco County, California","6,510",55,0,35,25,50,30,80,55,0,"4,195",655,95,80,0,100,950,100,+/-547,+/-48,+/-30,+/-37,+/-25,+/-45,+/-45,+/-73,+/-57,+/-30,+/-439,+/-198,+/-60,+/-61,+/-30,+/-94,+/-197,+/-81,C2300US06075,C4300US0609706075,C0300US06097
"Sonoma County, California","San Mateo County, California","1,230",20,0,0,0,4,0,0,15,0,845,115,40,45,10,10,125,0,+/-265,+/-29,+/-30,+/-30,+/-30,+/-13,+/-30,+/-30,+/-26,+/-30,+/-220,+/-84,+/-40,+/-59,+/-14,+/-16,+/-62,+/-30,C2300US06081,C4300US0609706081,C0300US06097
"Sonoma County, California","Santa Clara County, California",665,0,0,0,0,10,0,0,0,0,605,40,10,0,0,0,0,0,+/-225,+/-30,+/-30,+/-30,+/-30,+/-17,+/-30,+/-30,+/-30,+/-30,+/-225,+/-48,+/-16,+/-30,+/-30,+/-30,+/-30,+/-30,C2300US06085,C4300US0609706085,C0300US06097
"Sonoma County, California","Solano County, California",830,0,0,0,0,25,0,0,0,0,735,55,10,0,0,0,0,0,+/-208,+/-30,+/-30,+/-30,+/-30,+/-43,+/-30,+/-30,+/-30,+/-30,+/-203,+/-74,+/-16,+/-30,+/-30,+/-30,+/-30,+/-30,C2300US06095,C4300US0609706095,C0300US06097
"Sonoma County, California","Sonoma County, California","210,665",90,15,25,"1,530","5,290",345,430,"2,225","27,760","151,600","14,880","3,155",945,605,235,"1,495",40,"+/-2,576",+/-68,+/-27,+/-39,+/-282,+/-624,+/-170,+/-148,+/-521,"+/-1,486","+/-2,712","+/-1,281",+/-533,+/-282,+/-243,+/-113,+/-340,+/-56,C2300US06097,C4300US0609706097,C0300US06097
